User,Selected Albums
User 1,"Album 1, Album 3, Album 29, Album 44, Album 11, Album 21, Album 28, Album 22, Album 17, Album 35, Album 43, Album 19, Album 49, Album 36"
User 2,"Album 28, Album 27, Album 11, Album 14, Album 32, Album 16, Album 9, Album 29, Album 34, Album 2, Album 19, Album 26, Album 35"
User 3,"Album 49, Album 4, Album 28, Album 31, Album 46, Album 9, Album 22, Album 6, Album 20, Album 8, Album 11, Album 37, Album 29"
User 4,"Album 47, Album 19, Album 6, Album 40, Album 17, Album 11, Album 37, Album 26, Album 1, Album 8, Album 46, Album 49"
User 5,"Album 27, Album 24, Album 19, Album 41, Album 22, Album 47, Album 39, Album 16, Album 33, Album 29, Album 43"
User 6,"Album 29, Album 6, Album 3, Album 24, Album 50, Album 21, Album 28, Album 12, Album 10, Album 46"
User 7,"Album 48, Album 32, Album 30, Album 40, Album 35, Album 2, Album 31, Album 29, Album 26, Album 19, Album 49, Album 46"
User 8,"Album 17, Album 35, Album 39, Album 26, Album 25, Album 4, Album 3, Album 16, Album 2, Album 29, Album 21, Album 36"
User 9,"Album 47, Album 10, Album 4, Album 48, Album 42, Album 2, Album 27, Album 29, Album 11, Album 35, Album 19, Album 8, Album 46"
User 10,"Album 46, Album 19, Album 11, Album 25, Album 13, Album 20, Album 24, Album 8, Album 4, Album 27, Album 23, Album 18"
User 11,"Album 6, Album 48, Album 5, Album 22, Album 41, Album 19, Album 21, Album 11, Album 26, Album 17"
User 12,"Album 28, Album 18, Album 21, Album 44, Album 23, Album 25, Album 37, Album 22, Album 15, Album 11"
User 13,"Album 16, Album 13, Album 29, Album 47, Album 39, Album 50, Album 11, Album 1, Album 49, Album 8, Album 22, Album 46, Album 3, Album 19"
User 14,"Album 12, Album 2, Album 5, Album 1, Album 15, Album 32, Album 8, Album 21, Album 33, Album 20, Album 9, Album 11, Album 49, Album 46"
User 15,"Album 40, Album 15, Album 49, Album 11, Album 35, Album 27, Album 50, Album 43, Album 42, Album 36, Album 16, Album 21"
User 16,"Album 44, Album 37, Album 27, Album 16, Album 21, Album 2, Album 24, Album 43, Album 40, Album 49, Album 26, Album 33, Album 35"
User 17,"Album 22, Album 46, Album 39, Album 44, Album 3, Album 20, Album 40, Album 26, Album 33, Album 36, Album 35, Album 49"
User 18,"Album 43, Album 32, Album 19, Album 41, Album 1, Album 38, Album 8, Album 44, Album 42, Album 6, Album 36, Album 26"
User 19,"Album 42, Album 27, Album 16, Album 32, Album 17, Album 4, Album 20, Album 33, Album 8"
User 20,"Album 34, Album 33, Album 20, Album 45, Album 46, Album 7, Album 25, Album 13, Album 11, Album 19, Album 43, Album 49"
User 21,"Album 17, Album 12, Album 9, Album 45, Album 37, Album 15, Album 13, Album 3, Album 49"
User 22,"Album 14, Album 31, Album 15, Album 3, Album 49, Album 35, Album 11, Album 7, Album 9, Album 34, Album 1, Album 46, Album 33, Album 20"
User 23,"Album 34, Album 29, Album 7, Album 36, Album 24, Album 37, Album 21, Album 30, Album 8"
User 24,"Album 36, Album 37, Album 3, Album 16, Album 8, Album 15, Album 17, Album 11, Album 21, Album 22, Album 23"
User 25,"Album 33, Album 7, Album 30, Album 32, Album 47, Album 20, Album 10"
User 26,"Album 34, Album 37, Album 42, Album 24, Album 25, Album 48, Album 16, Album 9, Album 8"
User 27,"Album 17, Album 33, Album 49, Album 36, Album 34, Album 47, Album 12, Album 38, Album 1, Album 50, Album 19, Album 46"
User 28,"Album 42, Album 6, Album 22, Album 2, Album 7, Album 8, Album 11, Album 3"
User 29,"Album 46, Album 9, Album 17, Album 41, Album 14, Album 33, Album 25, Album 23, Album 30, Album 35, Album 19, Album 49"
User 30,"Album 37, Album 15, Album 40, Album 43, Album 33, Album 39, Album 29, Album 8, Album 13, Album 44, Album 3, Album 19, Album 49, Album 46"
User 31,"Album 36, Album 35, Album 17, Album 50, Album 39, Album 14, Album 25, Album 12, Album 33, Album 8"
User 32,"Album 7, Album 29, Album 42, Album 13, Album 34, Album 24, Album 46, Album 49"
User 33,"Album 19, Album 16, Album 41, Album 45, Album 25, Album 26, Album 17, Album 42, Album 30, Album 7, Album 22"
User 34,"Album 8, Album 29, Album 26, Album 47, Album 43, Album 23, Album 18, Album 19, Album 13, Album 33, Album 49, Album 27, Album 46"
User 35,"Album 46, Album 4, Album 24, Album 11, Album 23, Album 8, Album 48, Album 18, Album 33, Album 49, Album 35, Album 19"
User 36,"Album 8, Album 15, Album 29, Album 45, Album 1, Album 28, Album 12, Album 35, Album 34, Album 11, Album 41, Album 49, Album 19, Album 46"
User 37,"Album 36, Album 15, Album 23, Album 42, Album 19, Album 37, Album 41, Album 3, Album 26, Album 7, Album 49, Album 50"
User 38,"Album 49, Album 18, Album 25, Album 3, Album 30, Album 45, Album 9, Album 13, Album 19, Album 8, Album 46"
User 39,"Album 19, Album 12, Album 23, Album 42, Album 49, Album 45, Album 9, Album 43, Album 16, Album 41, Album 15, Album 37, Album 46"
User 40,"Album 8, Album 23, Album 34, Album 30, Album 35, Album 27, Album 36, Album 10, Album 49, Album 29"
User 41,"Album 10, Album 46, Album 24, Album 44, Album 30, Album 31, Album 18, Album 36, Album 33, Album 49"
User 42,"Album 14, Album 50, Album 25, Album 40, Album 39, Album 28, Album 34, Album 17, Album 19, Album 49"
User 43,"Album 10, Album 45, Album 37, Album 18, Album 3, Album 14, Album 27, Album 16, Album 38, Album 25, Album 20, Album 8, Album 46, Album 19"
User 44,"Album 3, Album 41, Album 2, Album 10, Album 34, Album 15, Album 46, Album 13, Album 45, Album 49, Album 19"
User 45,"Album 19, Album 23, Album 26, Album 16, Album 47, Album 8, Album 40, Album 29, Album 9, Album 34, Album 22, Album 49, Album 46"
User 46,"Album 12, Album 2, Album 15, Album 30, Album 18, Album 35, Album 17, Album 19"
User 47,"Album 44, Album 20, Album 24, Album 39, Album 34, Album 26, Album 16, Album 7, Album 27, Album 9"
User 48,"Album 12, Album 1, Album 49, Album 35, Album 14, Album 15, Album 41, Album 31, Album 46, Album 20, Album 29"
User 49,"Album 47, Album 5, Album 16, Album 10, Album 1, Album 31, Album 46, Album 7, Album 9, Album 38, Album 3, Album 20, Album 49"
User 50,"Album 17, Album 21, Album 2, Album 38, Album 37, Album 1, Album 25, Album 36, Album 45, Album 16, Album 19, Album 46, Album 49"
User 51,"Album 33, Album 16, Album 31, Album 17, Album 36, Album 45, Album 46, Album 26, Album 29, Album 42, Album 21, Album 9, Album 20, Album 49, Album 8"
User 52,"Album 35, Album 13, Album 41, Album 24, Album 32, Album 46, Album 2, Album 33, Album 7, Album 11, Album 16, Album 49, Album 19"
User 53,"Album 29, Album 31, Album 48, Album 15, Album 27, Album 1, Album 36, Album 3, Album 33, Album 16, Album 8, Album 50, Album 49, Album 19, Album 46"
User 54,"Album 31, Album 44, Album 13, Album 43, Album 34, Album 11, Album 35, Album 33, Album 49"
User 55,"Album 7, Album 10, Album 3, Album 16, Album 26, Album 43, Album 29, Album 5, Album 36, Album 20, Album 9"
User 56,"Album 48, Album 23, Album 41, Album 26, Album 13, Album 37, Album 49, Album 25, Album 22, Album 38, Album 35"
User 57,"Album 47, Album 45, Album 11, Album 18, Album 36, Album 4, Album 33, Album 15, Album 20, Album 25, Album 49, Album 9"
User 58,"Album 33, Album 3, Album 44, Album 24, Album 30, Album 37, Album 49, Album 35, Album 40, Album 25, Album 31, Album 46, Album 19"
User 59,"Album 7, Album 15, Album 5, Album 30, Album 17, Album 46, Album 9, Album 8, Album 49"
User 60,"Album 4, Album 20, Album 3, Album 9, Album 25, Album 45, Album 8, Album 14, Album 19, Album 42, Album 23, Album 27, Album 46, Album 33, Album 49"
User 61,"Album 15, Album 2, Album 42, Album 49, Album 16, Album 11, Album 45, Album 4, Album 9, Album 46, Album 19"
User 62,"Album 18, Album 4, Album 42, Album 44, Album 5, Album 49, Album 15, Album 6"
User 63,"Album 8, Album 6, Album 38, Album 35, Album 44, Album 41, Album 31, Album 3, Album 45, Album 20, Album 49, Album 46, Album 19"
User 64,"Album 50, Album 46, Album 41, Album 2, Album 3, Album 18, Album 21, Album 37, Album 20, Album 23, Album 19, Album 49"
User 65,"Album 25, Album 18, Album 34, Album 38, Album 26, Album 46, Album 21, Album 12, Album 27, Album 11, Album 19"
User 66,"Album 16, Album 34, Album 38, Album 31, Album 8, Album 46, Album 30, Album 33, Album 12, Album 21, Album 43, Album 9, Album 3"
User 67,"Album 17, Album 9, Album 19, Album 47, Album 6, Album 2, Album 37, Album 36, Album 49, Album 24, Album 22, Album 8, Album 29, Album 46"
User 68,"Album 19, Album 36, Album 42, Album 49, Album 2, Album 7, Album 34, Album 20, Album 31, Album 30"
User 69,"Album 45, Album 47, Album 25, Album 50, Album 14, Album 11, Album 48, Album 33, Album 8, Album 46"
User 70,"Album 6, Album 50, Album 14, Album 34, Album 4, Album 37, Album 8, Album 46, Album 9, Album 49, Album 19"
User 71,"Album 14, Album 40, Album 9, Album 4, Album 2, Album 39, Album 1, Album 38"
User 72,"Album 38, Album 10, Album 43, Album 3, Album 24, Album 9, Album 27, Album 35, Album 1, Album 17, Album 8, Album 19, Album 49, Album 46"
User 73,"Album 42, Album 43, Album 10, Album 31, Album 21, Album 22, Album 14, Album 35, Album 8, Album 29, Album 9, Album 46, Album 19, Album 49"
User 74,"Album 5, Album 29, Album 6, Album 48, Album 46, Album 8, Album 19, Album 12, Album 2, Album 43, Album 33, Album 49"
User 75,"Album 27, Album 41, Album 30, Album 32, Album 18, Album 5, Album 19, Album 16"
User 76,"Album 41, Album 12, Album 18, Album 36, Album 9, Album 11, Album 17, Album 44, Album 26, Album 20, Album 46"
User 77,"Album 49, Album 47, Album 32, Album 1, Album 27, Album 2, Album 7, Album 41, Album 35, Album 3, Album 31, Album 25, Album 46, Album 19"
User 78,"Album 48, Album 13, Album 35, Album 33, Album 36, Album 11, Album 16, Album 29, Album 21, Album 8, Album 42, Album 26, Album 3, Album 41, Album 46, Album 9, Album 19"
User 79,"Album 30, Album 33, Album 32, Album 31, Album 14, Album 12, Album 18, Album 46"
User 80,"Album 9, Album 36, Album 11, Album 34, Album 24, Album 7, Album 47, Album 26, Album 29, Album 8, Album 46, Album 45, Album 3, Album 49"
User 81,"Album 5, Album 43, Album 10, Album 46, Album 38, Album 18, Album 8, Album 26, Album 27, Album 14, Album 32, Album 20, Album 49, Album 19"
User 82,"Album 7, Album 27, Album 16, Album 22, Album 41, Album 4, Album 29, Album 35, Album 43, Album 19"
User 83,"Album 25, Album 28, Album 49, Album 31, Album 6, Album 17, Album 15, Album 1, Album 43, Album 5"
User 84,"Album 30, Album 17, Album 32, Album 43, Album 48, Album 15, Album 46, Album 19, Album 49"
User 85,"Album 32, Album 31, Album 38, Album 12, Album 42, Album 8, Album 33, Album 9, Album 46, Album 19, Album 49"
User 86,"Album 35, Album 27, Album 15, Album 9, Album 32, Album 42, Album 21, Album 19, Album 7, Album 46, Album 49"
User 87,"Album 35, Album 37, Album 40, Album 2, Album 26, Album 11, Album 39, Album 21, Album 4, Album 25, Album 29, Album 19"
User 88,"Album 36, Album 28, Album 2, Album 23, Album 41, Album 17, Album 21, Album 1, Album 11, Album 49"
User 89,"Album 49, Album 47, Album 34, Album 26, Album 38, Album 36, Album 37, Album 24, Album 16, Album 19"
User 90,"Album 42, Album 23, Album 5, Album 35, Album 2, Album 49, Album 15, Album 33, Album 46, Album 9, Album 19"
User 91,"Album 8, Album 50, Album 1, Album 49, Album 36, Album 6, Album 28, Album 17, Album 44"
User 92,"Album 22, Album 33, Album 42, Album 4, Album 36, Album 49, Album 29, Album 2, Album 11, Album 50, Album 35, Album 25, Album 46, Album 19"
User 93,"Album 10, Album 32, Album 19, Album 17, Album 39, Album 13, Album 44, Album 29, Album 46, Album 49"
User 94,"Album 32, Album 35, Album 33, Album 48, Album 37, Album 39, Album 5, Album 9, Album 50, Album 25, Album 19, Album 46, Album 49"
User 95,"Album 19, Album 23, Album 31, Album 10, Album 26, Album 42, Album 16, Album 50, Album 41, Album 21, Album 49, Album 11"
User 96,"Album 20, Album 41, Album 7, Album 6, Album 19, Album 26, Album 36, Album 24, Album 45, Album 49, Album 32, Album 46"
User 97,"Album 32, Album 28, Album 30, Album 48, Album 41, Album 20, Album 44"
User 98,"Album 20, Album 27, Album 3, Album 44, Album 42, Album 25, Album 16, Album 17, Album 19, Album 8, Album 26, Album 29, Album 49"
User 99,"Album 14, Album 47, Album 13, Album 44, Album 26, Album 20, Album 38, Album 18, Album 9"
User 100,"Album 19, Album 14, Album 5, Album 8, Album 7, Album 36, Album 3, Album 44, Album 37, Album 20, Album 2, Album 43, Album 25, Album 49, Album 46"
